{
    "?port": "在本机上开启的端口",
    "port": 25565,

    "?remoteIP": "连接到的服务器地址",
    "remoteIP": "mc.hypixel.net",
    "?remotePort": "连接到的服务器端口",
    "remotePort": 25565,


    "?modifyIp_HS": "修改handshake数据包",
    "modifyIp_HS": true,
    "?modifyIp": "数据包ip修改(留空将与remoteIP一致)",
    "modifyIp": "",

    "?modifyP_MOTD": "修改MOTD",
    "modifyP_MOTD": true,
    "?modifyMOTD": "修改MOTD为(可以使用 § 修改颜色 ${time}显示剩余时间)",
    "modifyMOTD": "§2PWBCの加速IP §f==> §4Hypixel §b§l永久免费！",

    "?CDKey_mod": "激活码模式(userList.json)",
    "CDKey_mod": false,
    "?userCmp_mod": "自定义判定模式(userCmp.js)",
    "userCmp_mod": false
}